KRAS_Residuo,Nanocuerpo_Residuo,Distancia_A
ASP23,TYR57,3.217027942772094
GLU24,SER52,2.7654690134068276
GLU24,SER53,2.838278170415409
GLU24,SER54,2.217498625800329
GLU24,SER55,3.571568710467319
GLU24,SER56,2.6110646192224185
GLU24,TYR57,3.343126039893329
TYR25,SER31,2.6348223976638274
TYR25,TYR32,2.7925655401068603
TYR25,ALA33,2.8887695426914375
TYR25,SER52,3.5051781292893103
TYR25,TYR57,3.8079467620494327
ASP26,TYR57,3.34081260950771
ASP26,TYR59,2.6829841574486806
PRO27,ALA33,3.8197614114919767
PRO27,SER50,3.551210720012603
PRO27,ILE51,3.6929399228579483
PRO27,SER52,3.5514458072635784
PRO27,TYR57,3.819468372377358
PRO27,TYR59,3.351577179126388
PRO27,ASP99,3.9749277813815675
THR28,ASP99,3.4848442888586004
THR28,TYR100,2.2414455000212397
THR28,TYR101,3.603658430891275
THR28,GLY103,3.597933554225078
ILE29,TRP47,3.618816357080583
ILE29,SER50,3.3914454339188085
ILE29,MET104,3.3238692347662133
GLU30,TRP47,3.8370785599923796
GLU30,TYR59,3.561155417343881
ASP31,TRP47,3.1365222389516245
ASP31,TYR60,2.6762330428818593
ASP31,ALA61,3.61374884820674
ASP31,ASP62,2.9029678316729433
ASP31,LYS65,3.107448259602076
